event_name,type,organiser,typical_timing,description,notes,,
Departmental Week,Academic/Social,Individual Departments / Schools,Throughout session,Each department organises its own week of activities including seminars, cultural events, career talks and social events for its students,Must be approved by Campus Life Committee; specific dates vary by department
Law School Alumni Homecoming,Academic/Alumni,LSS,October (First Semester),Annual homecoming for Law School alumni; includes networking and academic activities,2025: Oct 9–12,,
Annual Law Lecture,Academic,LSS,November,Public law lecture by a distinguished legal practitioner or scholar,2025: Nov 25,,
CIArb Professional Exam (Arbitration),Professional,LSS,November,Chartered Institute of Arbitrators professional examination hosted at BU,2025: Nov 11,,
Institute of Chartered Mediators & Conciliators,Professional,LSS,January,Professional training and certification programme hosted at BU,2026: Jan 19–23,,
CIBN Certifications,Professional,LSS,February,Chartered Institute of Bankers of Nigeria certification sessions,2026: Feb 10–11,,
I.O. Agbede National Advocacy Competition,Competition,LSS,March,National moot/advocacy competition hosted by the Law School,2026: Mar 10,,
International Law Conference,Academic,LSS,June,Annual international law conference with external speakers,2026: Jun 16,,
ICSAN Tutorials & Examinations,Professional,LSS,May–June,Institute of Chartered Secretaries and Administrators of Nigeria examination programme,—,,
TRCN Induction (Education),Professional,School of Education (EAH),Graduation Week,Teachers Registration Council of Nigeria (TRCN) professional induction for Education graduates,2025: during Graduation Week,,
Nursing Induction,Professional,School of Nursing Sciences,Graduation Week,Formal nursing induction for Nursing graduates,75 nurses inducted in July 2023,,
Medical Laboratory Science Induction,Professional,School of Allied Health,Graduation Week,MLSCN professional induction for Medical Lab Science graduates,—,,
Fraud Audit Induction (BCED/African Business School),Professional,BCED,Graduation Week,Professional induction in fraud audit and forensic accounting,—,,
MADE Workshop (Mindset-Change for Academic Development in Entrepreneurship),Workshop,BEDC,Late August,Entrepreneurship mindset training workshop for students; 3-day programme,2025: Aug 26–28,,
Annual Community Engagement: Business Development Workshop,Outreach,BEDC,September,Community-focused business development workshop,2025: Sep 15–19,,
Babcock Innovation Challenge (BIC),Competition,BEDC,Throughout session; Grand Finale Nov,Annual campus-wide student startup pitch competition,BIC 5.0 Grand Finale: Nov 23 2025,,
ZOHO Tech Capacity Building,Workshop,BEDC,October,Technology skills workshop using ZOHO platform tools,2025: Oct 8–10,,
Babcock Entrepreneurship Week (BEW),Festival,BEDC,Late March – Early April,Week-long entrepreneurship festival with speakers and startup showcases,2026: Mar 29 – Apr 3,,
Annual Research Fair,Academic,RIIC,March,University-wide research showcase by students and faculty,2026: Mar 24,,
Babcock Postgraduate Supervision Seminar,Academic,CPGS,October,Seminar for PhD supervisors and research students,2025: Oct 16,,
ICAN Annual Accountants Conference,Professional,ICAN / Accounting Dept,October,Annual conference for accounting professionals; hosted on campus,2025: Oct 6–9,,
BUCODeL Graduation Summit,Academic,BUCODeL,Graduation Week,Summit and ceremony for distance learning graduates,—,,
PCF Banquet / Luncheon,Social/Spiritual,PCF (Provident Community Fund),Graduation Week,Banquet for graduating students organised by PCF,Venue: Queen Esther Activity Hall,,
Alumni Connectivity — A Day with the Stars,Alumni,BUGC / Alumni Office,Graduation Week,Networking event connecting graduating students with alumni,Amphitheater,,
Cultural Day / International Students Day,Cultural,Student Activities Office,March,Annual event celebrating cultural diversity; international students showcase their cultures,—,,
BUSA Academic Seminar,Academic,BUSA,"22nd February, 2026",,,,
BUSA Choir Concert,Extracurricular,BUSA,"22nd February, 2026",,,,
BUSA Spelling Bee,Extracurricular,BUSA,"1st-8th March, 2026",,,,
Cookout,Extracurricular,BUSA,"8th March, 2026",,,,
Hall Week,Extracurricular,BUSA,"16th March, 2026",,,,
BUSA Comedy Club Night,Extracurricular,BUSA,"22nd March, 2026",,,,
BUSA Smart Money Conference,Extracurricular,BUSA,"29th March, 2026",,,,
All White Event,Extracurricular,BUSA,TBD,,,,
